zip,lat,lng,mi_sac,mi_oak,mi_nearest
93450,36.08542,-120.81852,176.4,143.3,143.3
93517,38.28111,-119.38445,116.1,160.5,116.1
93529,37.81551,-119.09565,140.6,173.3,140.6
93541,37.98807,-119.11439,135.4,172.6,135.4
93601,37.39347,-119.74104,125.9,141.4,125.9
93604,37.34415,-119.42214,141.6,159.2,141.6
93606,36.80320,-120.01856,147.0,141.8,141.8
93608,36.49248,-120.35553,157.3,139.1,139.1
93610,37.09830,-120.28121,122.0,119.6,119.6
93614,37.20982,-119.74980,134.3,144.2,134.3
93620,37.02004,-120.62540,117.9,105.3,105.3
93622,36.81450,-120.57524,132.0,115.6,115.6
93623,37.49488,-119.64428,125.6,145.3,125.6
93626,37.04329,-119.69131,144.9,151.0,144.9
93630,36.72725,-120.12343,148.5,139.6,139.6
93635,37.06807,-120.84358,110.4,93.4,93.4
93636,36.98488,-119.87391,141.4,143.3,141.4
93637,36.91808,-120.18593,135.4,129.9,129.9
93638,37.04343,-120.03369,132.9,133.6,132.9
93640,36.67268,-120.44652,143.8,127.2,127.2
93643,37.22470,-119.47074,144.8,158.6,144.8
93644,37.37779,-119.63238,131.2,147.4,131.2
93645,37.18236,-119.64145,139.8,150.4,139.8
93653,37.24833,-119.94494,125.0,133.1,125.0
93660,36.58545,-120.17390,155.7,142.9,142.9
93665,36.96011,-120.64806,121.2,106.5,106.5
93668,36.65028,-120.28409,149.0,135.3,135.3
93669,37.29056,-119.54841,138.6,153.3,138.6
93711,36.83429,-119.83335,151.1,149.8,149.8
93722,36.79936,-119.87479,151.7,148.9,148.9
93723,36.79348,-119.95682,149.4,145.1,145.1
93901,36.63634,-121.62398,134.6,88.2,88.2
93905,36.68235,-121.60590,131.4,85.7,85.7
93906,36.72271,-121.63365,128.7,82.6,82.6
93907,36.76939,-121.66753,125.6,78.8,78.8
93908,36.65174,-121.59944,133.5,87.8,87.8
93920,36.09298,-121.54983,172.0,124.8,124.8
93921,36.55318,-121.92396,142.1,88.5,88.5
93923,36.44867,-121.84950,148.7,96.5,96.5
93924,36.41560,-121.63765,149.9,102.1,102.1
93925,36.58800,-121.39891,137.8,96.8,96.8
93926,36.52587,-121.39674,142.1,100.6,100.6
93927,36.24880,-121.38663,161.3,118.0,118.0
93928,36.03887,-121.24401,176.2,134.5,134.5
93930,36.20506,-121.01036,166.3,130.6,130.6
93932,35.98979,-121.05593,180.7,142.2,142.2
93933,36.68684,-121.78689,131.9,81.7,81.7
93940,36.57469,-121.84085,140.0,88.2,88.2
93943,36.59700,-121.87414,138.7,86.2,86.2
93950,36.62118,-121.92518,137.5,83.9,83.9
93953,36.58522,-121.94528,140.1,86.1,86.1
93954,36.13336,-120.92851,172.0,137.2,137.2
93955,36.61441,-121.78690,136.9,86.4,86.4
93960,36.38962,-121.34315,151.7,110.3,110.3
93962,36.62472,-121.64649,135.5,88.5,88.5
94002,37.51435,-122.29890,85.8,20.1,20.1
94005,37.68883,-122.40893,79.2,11.0,11.0
94010,37.57028,-122.36578,84.4,17.0,17.0
94014,37.69088,-122.44744,80.4,12.4,12.4
94015,37.68126,-122.48059,82.1,14.3,14.3
94019,37.46945,-122.41184,91.6,24.4,24.4
94020,37.27461,-122.23242,98.9,36.7,36.7
94021,37.27084,-122.28074,100.2,36.9,36.9
94022,37.35749,-122.14444,91.7,31.6,31.6
94024,37.35223,-122.09440,91.0,32.7,32.7
94025,37.45752,-122.17654,86.1,24.5,24.5
94027,37.45351,-122.20476,87.0,24.5,24.5
94028,37.37683,-122.20980,91.9,29.7,29.7
94030,37.59897,-122.40199,83.9,15.9,15.9
94037,37.55430,-122.49663,89.5,21.2,21.2
94038,37.52690,-122.51216,91.5,23.3,23.3
94040,37.38057,-122.08529,89.0,31.0,31.0
94041,37.38852,-122.07573,88.3,30.7,30.7
94043,37.41403,-122.07068,86.6,29.1,29.1
94044,37.60663,-122.47721,86.0,17.7,17.7
94060,37.24714,-122.27349,101.5,38.5,38.5
94061,37.46115,-122.23695,87.3,23.8,23.8
94062,37.41369,-122.29534,91.7,27.0,27.0
94063,37.49330,-122.19554,84.3,21.9,21.9
94065,37.53411,-122.24737,83.2,18.7,18.7
94066,37.62509,-122.43359,83.5,15.2,15.2
94070,37.49647,-122.27257,86.1,21.3,21.3
94074,37.33171,-122.34147,97.9,32.9,32.9
94080,37.65549,-122.42208,81.5,13.2,13.2
94085,37.38856,-122.01773,87.2,31.9,31.9
94086,37.37165,-122.02313,88.4,32.8,32.8
94087,37.35153,-122.03696,90.0,33.8,33.8
94089,37.41240,-122.01560,85.6,30.5,30.5
94102,37.77959,-122.41932,74.8,8.3,8.3
94103,37.77313,-122.41117,74.8,7.9,7.9
94104,37.79141,-122.40213,73.6,7.2,7.2
94105,37.78986,-122.39366,73.3,6.8,6.8
94107,37.76046,-122.39972,75.1,7.6,7.6
94108,37.79201,-122.40857,73.8,7.5,7.5
94109,37.79539,-122.42245,74.1,8.3,8.3
94110,37.75002,-122.41520,76.2,8.7,8.7
94111,37.79937,-122.39841,73.0,7.0,7.0
94112,37.72037,-122.44295,78.7,11.0,11.0
94114,37.75806,-122.43541,76.5,9.5,9.5
94115,37.78597,-122.43725,75.1,9.2,9.2
94116,37.74540,-122.48606,79.0,12.4,12.4
94117,37.76944,-122.44766,76.4,9.9,9.9
94118,37.78010,-122.46260,76.4,10.6,10.6
94121,37.77677,-122.49471,77.7,12.4,12.4
94122,37.75880,-122.48513,78.3,12.1,12.1
94123,37.80093,-122.43837,74.4,9.1,9.1
94124,37.72890,-122.38278,76.2,8.0,8.0
94127,37.73622,-122.45934,78.5,11.3,11.3
94128,37.62641,-122.38576,81.9,13.8,13.8
94129,37.79734,-122.46446,75.6,10.6,10.6
94130,37.82066,-122.36965,70.9,5.5,5.5
94131,37.74592,-122.44147,77.3,10.1,10.1
94132,37.72222,-122.48408,80.1,12.9,12.9
94133,37.80453,-122.41085,73.2,7.6,7.6
94134,37.72105,-122.41357,77.6,9.7,9.7
94158,37.76811,-122.38693,74.2,6.8,6.8
94301,37.44412,-122.14991,86.3,25.8,25.8
94303,37.45788,-122.11516,84.7,25.4,25.4
94304,37.37471,-122.18170,91.4,30.1,30.1
94305,37.41826,-122.17087,88.4,27.2,27.2
94306,37.41573,-122.13076,87.7,27.9,27.9
94401,37.57695,-122.31690,82.6,15.9,15.9
94402,37.52360,-122.34492,86.5,19.8,19.8
94403,37.53845,-122.30545,84.5,18.5,18.5
94404,37.55600,-122.26768,82.4,17.2,17.2
94501,37.77379,-122.27811,70.2,2.1,2.1
94502,37.73757,-122.24551,71.2,4.8,4.8
94503,38.18653,-122.26407,49.8,26.4,26.4
94505,37.87168,-121.59707,49.4,37.1,37.1
94506,37.80968,-121.91314,58.0,19.5,19.5
94507,37.85041,-122.02112,58.1,14.0,14.0
94508,38.57662,-122.44439,51.3,54.2,51.3
94509,37.99650,-121.81230,43.9,28.3,28.3
94510,38.09807,-122.13594,48.2,21.6,21.6
94511,38.02894,-121.64052,39.0,37.7,37.7
94512,38.13485,-121.83416,35.9,33.0,33.0
94513,37.92223,-121.66836,46.5,33.9,33.9
94514,37.82637,-121.62255,52.6,35.4,35.4
94515,38.63482,-122.61505,60.6,60.3,60.3
94516,37.83390,-122.16503,63.2,6.1,6.1
94517,37.89022,-121.87835,52.1,22.2,22.2
94518,37.95036,-122.02204,52.2,16.9,16.9
94519,37.98845,-122.01300,49.7,19.0,19.0
94520,37.99529,-122.04063,50.2,18.2,18.2
94521,37.95601,-121.95619,50.0,20.1,20.1
94523,37.95413,-122.07614,53.6,14.8,14.8
94525,38.05295,-122.23209,54.2,17.3,17.3
94526,37.81461,-121.99055,59.4,15.3,15.3
94528,37.84560,-121.95061,56.6,17.7,17.7
94530,37.92156,-122.29834,63.1,8.2,8.2
94531,37.96576,-121.77582,45.2,29.2,29.2
94533,38.28075,-122.00638,34.6,35.9,34.6
94534,38.24484,-122.13586,41.8,31.3,31.3
94535,38.28222,-121.92472,31.2,38.0,31.2
94536,37.57051,-121.98125,74.7,22.6,22.6
94538,37.50137,-121.95675,78.8,27.1,27.1
94539,37.51691,-121.91176,77.0,27.9,27.9
94541,37.67395,-122.08482,70.4,13.6,13.6
94542,37.65988,-122.03714,70.2,16.2,16.2
94544,37.63382,-122.05720,72.3,16.6,16.6
94545,37.60590,-122.12687,75.7,15.8,15.8
94546,37.71451,-122.07954,67.8,12.2,12.2
94547,38.01017,-122.26173,57.4,14.2,14.2
94548,37.97429,-121.65144,42.8,35.8,35.8
94549,37.89701,-122.11429,58.0,10.7,10.7
94550,37.51999,-121.57560,73.5,42.8,42.8
94551,37.75050,-121.74905,59.1,28.8,28.8
94552,37.72272,-122.02155,65.9,14.8,14.8
94553,37.99389,-122.13644,53.5,15.0,15.0
94555,37.54821,-122.09868,78.6,20.1,20.1
94556,37.84065,-122.11488,61.3,8.9,8.9
94558,38.44201,-122.23832,41.4,44.1,41.4
94559,38.24572,-122.31341,50.0,30.6,30.6
94560,37.50451,-122.03292,80.0,24.5,24.5
94561,37.99394,-121.69114,42.0,34.2,34.2
94563,37.87992,-122.18457,61.3,7.0,7.0
94564,37.99404,-122.28259,59.0,13.1,13.1
94565,38.01458,-121.90626,45.1,24.6,24.6
94566,37.64810,-121.84996,67.3,25.4,25.4
94567,38.70691,-122.39400,49.3,62.7,49.3
94568,37.71525,-121.91470,64.1,20.4,20.4
94569,38.04426,-122.19876,53.3,17.0,17.0
94571,38.14886,-121.73770,32.7,37.6,32.7
94572,38.03279,-122.25221,55.9,15.8,15.8
94573,38.45886,-122.42883,51.2,46.0,46.0
94574,38.54245,-122.41992,50.1,51.6,50.1
94575,37.84096,-122.10950,61.1,9.2,9.2
94576,38.54942,-122.47638,53.1,52.7,52.7
94577,37.71328,-122.16735,70.3,8.5,8.5
94578,37.70614,-122.12555,69.5,10.5,10.5
94579,37.68649,-122.15720,71.6,10.3,10.3
94580,37.67573,-122.13302,71.6,11.7,11.7
94582,37.76217,-121.91579,61.1,19.6,19.6
94583,37.75512,-121.97270,62.7,16.7,16.7
94585,38.19250,-121.92753,35.7,32.7,32.7
94586,37.57459,-121.85371,72.3,27.8,27.8
94587,37.60316,-122.01864,73.4,19.6,19.6
94588,37.79268,-121.86059,58.0,22.4,22.4
94589,38.18735,-122.22407,48.0,26.6,26.6
94590,38.10323,-122.24910,52.6,20.7,20.7
94591,38.12287,-122.19686,49.5,22.4,22.4
94592,38.08973,-122.27739,54.4,19.7,19.7
94595,37.87195,-122.06938,58.1,12.0,12.0
94596,37.88910,-122.03755,56.2,14.0,14.0
94597,37.91819,-122.07166,55.5,13.4,13.4
94598,37.89994,-121.99924,54.5,16.2,16.2
94599,38.40988,-122.36151,48.4,42.1,42.1
94601,37.77555,-122.21870,68.2,3.5,3.5
94602,37.80432,-122.20754,66.2,3.5,3.5
94603,37.73653,-122.17945,69.2,6.9,6.9
94605,37.76141,-122.15020,66.9,7.2,7.2
94606,37.79189,-122.24533,68.1,1.7,1.7
94607,37.80721,-122.30150,69.2,1.7,1.7
94608,37.83684,-122.28914,67.2,2.4,2.4
94609,37.83440,-122.26437,66.4,2.1,2.1
94610,37.81141,-122.24246,66.9,1.6,1.6
94611,37.82935,-122.20351,64.7,4.1,4.1
94612,37.80880,-122.26920,68.0,0.3,0.3
94613,37.78085,-122.18285,66.8,5.1,5.1
94618,37.84467,-122.23811,65.0,3.3,3.3
94619,37.79044,-122.14082,65.0,7.2,7.2
94621,37.74827,-122.21683,69.7,4.9,4.9
94702,37.86578,-122.28632,65.5,4.3,4.3
94703,37.86391,-122.27564,65.2,4.1,4.1
94704,37.86654,-122.25800,64.5,4.4,4.4
94705,37.86518,-122.23821,63.9,4.6,4.6
94706,37.88970,-122.29553,64.6,6.0,6.0
94707,37.89819,-122.27913,63.6,6.5,6.5
94708,37.90294,-122.26180,62.7,6.8,6.8
94709,37.87923,-122.26684,64.1,5.2,5.2
94710,37.86391,-122.30647,66.3,4.5,4.5
94720,37.87383,-122.25494,64.0,4.9,4.9
94801,37.95284,-122.38197,64.9,11.9,11.9
94803,37.95955,-122.28358,60.7,10.7,10.7
94804,37.91656,-122.34123,65.0,8.6,8.6
94805,37.94280,-122.32292,63.0,10.0,10.0
94806,37.98079,-122.33763,61.8,12.7,12.7
94850,37.90223,-122.31738,64.8,7.2,7.2
94901,37.97814,-122.49761,68.6,17.2,17.2
94903,38.02237,-122.55560,69.3,21.6,21.6
94904,37.94551,-122.56012,72.6,18.5,18.5
94920,37.88563,-122.46858,71.5,12.1,12.1
94922,38.34495,-122.94880,80.4,52.5,52.5
94923,38.33940,-123.03460,85.0,55.6,55.6
94924,37.94309,-122.72379,80.0,26.5,26.5
94925,37.93185,-122.50774,71.0,15.6,15.6
94928,38.34642,-122.69413,66.9,44.0,44.0
94929,38.25242,-122.96272,82.7,48.7,48.7
94930,37.94396,-122.61642,75.1,21.2,21.2
94931,38.32413,-122.71463,68.4,43.3,43.3
94933,38.01260,-122.68748,75.7,26.9,26.9
94937,38.11649,-122.93035,84.2,41.9,41.9
94938,38.02907,-122.72652,76.9,29.3,29.3
94939,37.93708,-122.53237,71.8,16.9,16.9
94940,38.17857,-122.88319,80.2,42.2,42.2
94941,37.89767,-122.56317,74.8,17.2,17.2
94945,38.13407,-122.52719,63.9,26.7,26.7
94946,38.08283,-122.67153,72.5,29.1,29.1
94947,38.11217,-122.63438,69.8,29.0,29.0
94949,38.06047,-122.50850,65.7,21.9,21.9
94950,38.02488,-122.75993,78.7,30.7,30.7
94951,38.32086,-122.64614,64.9,41.1,41.1
94952,38.23455,-122.76038,72.6,39.9,39.9
94954,38.23501,-122.55733,62.3,33.6,33.6
94956,38.04586,-122.86121,82.8,36.2,36.2
94957,37.96311,-122.56359,72.0,19.4,19.4
94960,37.99586,-122.57781,71.3,21.3,21.3
94963,38.01372,-122.67012,74.9,26.1,26.1
94964,37.94326,-122.49215,69.8,15.4,15.4
94965,37.85290,-122.54721,76.2,15.4,15.4
94970,37.91451,-122.64689,77.7,21.9,21.9
94971,38.23155,-122.92823,81.3,46.4,46.4
94972,38.28735,-122.96856,82.3,50.5,50.5
94973,38.01270,-122.63960,73.5,24.7,24.7
95002,37.43867,-122.01158,83.8,29.0,29.0
95003,37.00670,-121.87821,110.8,59.2,59.2
95004,36.87476,-121.63073,118.2,73.2,73.2
95005,37.09877,-122.09173,107.5,49.7,49.7
95006,37.17127,-122.14952,103.8,44.3,44.3
95007,37.10496,-122.10690,107.4,49.2,49.2
95008,37.27917,-121.95534,93.4,40.2,40.2
95010,36.97617,-121.95316,113.7,59.8,59.8
95012,36.78448,-121.75905,125.0,75.9,75.9
95013,37.21536,-121.74152,95.4,50.0,50.0
95014,37.30649,-122.08064,93.7,36.0,36.0
95017,37.11433,-122.23716,109.2,47.7,47.7
95018,37.07409,-122.05937,108.6,51.8,51.8
95019,36.93554,-121.78313,114.8,65.7,65.7
95020,37.01842,-121.55425,108.1,67.1,67.1
95023,36.90205,-121.35078,116.3,80.3,80.3
95030,37.22276,-121.98327,97.6,43.2,43.2
95032,37.21695,-121.92655,97.2,44.8,44.8
95033,37.16085,-121.98397,101.7,47.2,47.2
95035,37.44435,-121.86886,81.2,33.2,33.2
95037,37.17406,-121.59875,97.4,57.1,57.1
95039,36.82815,-121.77658,122.1,72.7,72.7
95041,37.05042,-122.05782,110.2,53.4,53.4
95043,36.52570,-120.95212,145.1,114.4,114.4
95045,36.82574,-121.51859,121.3,79.3,79.3
95046,37.09931,-121.59924,102.6,61.1,61.1
95050,37.35116,-121.95230,88.6,35.9,35.9
95051,37.34864,-121.98437,89.3,35.2,35.2
95053,37.34872,-121.93756,88.5,36.4,36.4
95054,37.39349,-121.96467,86.0,33.0,33.0
95060,37.03646,-122.12175,112.1,53.7,53.7
95062,36.97053,-121.98749,114.5,59.7,59.7
95064,36.99111,-122.05902,114.1,57.4,57.4
95065,37.03148,-121.98334,110.4,55.7,55.7
95066,37.06792,-122.01399,108.4,52.8,52.8
95070,37.26050,-122.04617,96.1,39.6,39.6
95073,37.04225,-121.93005,109.0,55.9,55.9
95075,36.77905,-121.14244,126.0,94.2,94.2
95076,36.94626,-121.75648,113.9,65.7,65.7
95110,37.34651,-121.90980,88.3,37.3,37.3
95111,37.28311,-121.82625,91.5,43.5,43.5
95112,37.34448,-121.88353,88.1,38.2,38.2
95113,37.33369,-121.89100,88.9,38.6,38.6
95116,37.35042,-121.85259,87.3,38.9,38.9
95117,37.31118,-121.96187,91.4,38.1,38.1
95118,37.25552,-121.88999,94.1,43.3,43.3
95119,37.23033,-121.78523,94.7,47.8,47.8
95120,37.18614,-121.84355,98.3,48.7,48.7
95121,37.30415,-121.80987,89.9,42.8,42.8
95122,37.32868,-121.83527,88.5,40.6,40.6
95123,37.24424,-121.83160,94.2,45.6,45.6
95124,37.25677,-121.92276,94.5,42.4,42.4
95125,37.29506,-121.89144,91.5,40.9,40.9
95126,37.32679,-121.91675,89.7,38.3,38.3
95127,37.37109,-121.80075,85.3,39.5,39.5
95128,37.31598,-121.93632,90.7,38.4,38.4
95129,37.30574,-122.00093,92.4,37.5,37.5
95130,37.27712,-121.98613,94.0,39.6,39.6
95131,37.38711,-121.89742,85.4,35.4,35.4
95132,37.42457,-121.74860,81.1,38.8,38.8
95133,37.37161,-121.86084,86.0,37.4,37.4
95134,37.42638,-121.95098,83.6,31.5,31.5
95135,37.28453,-121.65832,90.1,49.2,49.2
95136,37.26913,-121.85099,92.7,43.6,43.6
95138,37.24662,-121.73383,93.2,48.5,48.5
95139,37.22491,-121.76408,94.9,48.7,48.7
95140,37.39350,-121.62001,82.4,45.6,45.6
95148,37.33599,-121.77760,87.4,42.2,42.2
95202,37.95974,-121.28829,44.4,54.7,44.4
95203,37.95245,-121.32966,44.4,52.4,44.4
95204,37.97374,-121.31925,43.1,53.2,43.1
95205,37.96458,-121.25984,44.5,56.3,44.5
95206,37.91885,-121.41743,46.0,47.2,46.0
95207,38.00212,-121.32498,41.1,53.4,41.1
95209,38.04686,-121.35280,37.7,52.8,37.7
95210,38.03018,-121.29791,39.6,55.3,39.6
95211,37.97925,-121.31341,42.8,53.6,42.8
95212,38.04994,-121.23297,39.4,59.1,39.4
95215,37.94942,-121.15728,47.4,61.6,47.4
95219,38.05173,-121.48304,36.6,46.2,36.6
95220,38.20023,-121.23503,29.9,62.7,29.9
95222,38.07211,-120.63135,58.5,91.3,58.5
95223,38.43397,-119.96844,83.1,132.5,83.1
95224,38.23132,-120.32269,67.9,110.1,67.9
95225,38.19376,-120.87593,42.9,80.6,42.9
95226,38.22895,-120.85663,42.3,82.4,42.3
95227,38.21035,-121.05126,35.1,72.1,35.1
95228,37.90723,-120.68831,63.9,86.6,63.9
95230,38.00049,-120.89815,51.6,76.1,51.6
95231,37.87379,-121.29015,50.1,53.7,50.1
95232,38.35534,-120.59402,51.2,98.8,51.2
95233,38.16167,-120.36814,67.6,106.5,67.6
95234,37.92576,-121.52803,45.4,41.4,41.4
95236,38.02973,-121.02389,45.9,69.7,45.9
95237,38.16188,-121.14984,34.5,65.9,34.5
95240,38.11439,-121.14466,37.4,65.0,37.4
95242,38.13707,-121.38455,31.3,53.5,31.3
95245,38.29926,-120.62671,50.8,95.8,50.8
95246,38.22700,-120.51456,58.4,100.0,58.4
95247,38.13854,-120.45290,64.2,101.7,64.2
95248,38.31771,-120.46111,58.8,104.7,58.8
95249,38.18912,-120.63871,53.7,92.8,53.7
95250,38.23783,-120.42866,62.4,104.7,62.4
95251,38.07840,-120.44344,66.7,101.4,66.7
95252,38.14982,-120.84667,46.1,81.2,46.1
95254,38.19262,-120.95782,39.6,76.4,39.6
95255,38.41990,-120.47446,56.3,106.5,56.3
95257,38.37970,-120.44800,58.3,106.8,58.3
95258,38.17356,-121.31225,29.9,58.1,29.9
95301,37.32123,-120.65439,98.4,94.6,94.6
95303,37.47029,-120.67108,88.9,90.5,88.9
95304,37.67110,-121.40656,63.1,48.1,48.1
95305,37.79422,-120.26914,85.9,109.3,85.9
95306,37.36553,-120.16016,111.1,119.5,111.1
95307,37.55427,-120.95152,76.9,74.2,74.2
95310,38.08584,-120.37855,69.5,104.9,69.5
95311,37.71426,-120.08139,97.4,119.8,97.4
95312,37.42107,-120.65298,92.3,92.4,92.3
95313,37.43139,-121.05129,83.1,71.6,71.6
95314,38.31913,-119.79621,93.7,139.3,93.7
95315,37.42190,-120.76928,89.3,86.3,86.3
95316,37.55338,-120.71406,82.8,86.9,82.8
95317,37.12738,-120.50643,114.0,107.5,107.5
95318,37.65337,-119.78412,112.9,136.3,112.9
95319,37.63929,-120.90305,72.6,75.6,72.6
95320,37.82560,-121.00516,58.6,69.1,58.6
95321,37.86426,-120.00454,94.8,123.8,94.8
95322,37.16620,-121.02443,101.1,81.3,81.3
95323,37.60830,-120.68516,80.4,87.8,80.4
95324,37.39454,-120.89075,88.4,80.7,80.7
95325,37.46607,-120.22595,103.5,114.3,103.5
95326,37.58892,-120.85524,76.9,78.8,76.9
95327,37.86162,-120.48032,74.2,97.8,74.2
95328,37.55845,-120.90988,77.5,76.4,76.4
95329,37.66659,-120.41152,86.4,102.1,86.4
95330,37.80891,-121.31264,54.3,52.3,52.3
95333,37.24223,-120.24044,115.0,117.9,115.0
95334,37.34731,-120.74263,94.6,89.5,89.5
95335,38.12489,-120.09315,82.2,120.7,82.2
95336,37.83027,-121.20102,54.3,58.4,54.3
95337,37.74304,-121.23838,59.6,56.6,56.6
95338,37.50876,-119.98250,110.7,126.8,110.7
95340,37.34578,-120.42415,103.4,106.0,103.4
95341,37.23105,-120.50107,107.9,104.8,104.8
95345,37.58377,-119.97673,107.5,126.4,107.5
95346,38.06553,-120.17070,80.1,115.9,80.1
95348,37.39229,-120.49830,98.5,101.1,98.5
95350,37.67198,-121.00741,68.2,69.7,68.2
95351,37.62360,-120.99632,71.5,70.8,70.8
95354,37.63903,-120.96477,71.2,72.3,71.2
95355,37.67291,-120.94659,69.5,72.9,69.5
95356,37.71802,-121.03271,64.7,67.9,64.7
95357,37.67254,-120.88714,71.0,76.2,71.0
95358,37.61261,-121.10857,70.2,64.9,64.9
95360,37.32596,-121.19338,88.3,67.7,67.7
95361,37.78724,-120.75920,67.9,82.6,67.9
95363,37.45289,-121.22997,79.3,61.9,61.9
95364,38.25839,-119.78302,95.3,139.0,95.3
95365,37.33111,-120.29482,108.3,113.1,108.3
95366,37.76277,-121.12528,60.0,62.6,60.0
95367,37.72928,-120.94290,66.1,72.7,66.1
95368,37.71327,-121.08540,64.0,65.1,64.0
95369,37.53189,-120.43741,92.6,102.0,92.6
95370,37.98455,-120.34926,74.6,105.5,74.6
95372,37.99129,-120.26279,78.3,110.3,78.3
95374,37.31681,-120.85575,94.1,84.5,84.5
95375,38.18659,-120.02623,84.1,125.1,84.1
95376,37.73719,-121.43338,58.4,46.0,46.0
95377,37.67394,-121.51723,62.7,42.2,42.2
95379,37.93977,-120.18805,83.6,114.0,83.6
95380,37.47440,-120.87592,83.6,79.7,79.7
95382,37.52848,-120.85331,80.7,79.9,79.9
95383,38.11276,-120.22575,76.0,113.4,76.0
95385,37.61074,-121.24733,68.4,57.5,57.5
95386,37.66741,-120.62940,78.7,90.2,78.7
95387,37.51935,-121.29654,74.2,56.8,56.8
95388,37.41467,-120.58679,94.6,96.0,94.6
95389,37.62649,-119.68128,118.6,142.1,118.6
95391,37.76822,-121.60951,56.5,36.2,36.2
95401,38.44914,-122.79375,70.8,52.8,52.8
95403,38.50368,-122.75406,68.3,55.0,55.0
95404,38.52573,-122.69044,64.7,54.8,54.8
95405,38.43711,-122.66599,64.1,48.7,48.7
95407,38.39330,-122.74505,68.9,48.2,48.2
95409,38.46883,-122.58072,59.2,48.9,48.9
95410,39.19947,-123.70225,126.2,123.6,123.6
95412,38.71342,-123.34978,100.5,85.8,85.8
95415,39.01525,-123.37076,105.4,102.7,102.7
95417,39.68979,-123.61002,136.8,148.9,136.8
95420,39.36615,-123.80499,135.4,136.0,135.4
95421,38.62822,-123.16083,90.0,74.6,74.6
95422,38.97301,-122.62392,66.6,83.0,66.6
95423,39.06445,-122.62670,69.5,89.2,69.5
95425,38.82306,-123.06389,86.3,82.5,82.5
95426,38.83342,-122.73406,69.1,75.4,69.1
95427,39.24418,-123.56353,120.3,121.6,120.3
95428,39.82480,-123.17961,124.6,147.9,124.6
95429,39.72093,-123.30026,124.7,143.6,124.7
95430,38.46142,-123.04719,84.3,62.0,62.0
95431,38.34834,-122.51706,57.6,39.9,39.9
95432,39.10825,-123.64512,121.3,116.8,116.8
95435,39.00721,-122.86951,79.7,89.2,79.7
95436,38.48682,-122.90562,76.6,58.4,58.4
95437,39.48718,-123.74196,135.9,140.8,135.9
95439,38.49318,-122.77755,69.6,55.0,55.0
95441,38.73169,-122.90677,76.9,72.8,72.8
95442,38.37154,-122.48731,55.6,40.9,40.9
95443,39.05401,-122.75125,75.1,90.2,75.1
95444,38.43322,-122.86900,75.0,54.3,54.3
95445,38.83252,-123.47253,108.1,96.4,96.4
95446,38.52716,-123.00789,81.9,64.0,64.0
95448,38.62298,-122.88912,75.4,65.8,65.8
95449,38.93614,-123.11944,90.9,90.7,90.7
95450,38.50136,-123.17088,90.8,68.6,68.6
95451,38.92213,-122.78956,73.6,82.2,73.6
95452,38.42552,-122.53521,57.3,45.3,45.3
95453,39.04593,-122.94108,84.2,93.1,84.2
95454,39.80610,-123.51615,137.4,153.7,137.4
95456,39.25820,-123.76156,130.5,128.8,128.8
95457,38.88297,-122.53272,59.7,75.9,59.7
95458,39.16128,-122.74531,78.3,97.2,78.3
95459,38.97664,-123.60480,116.9,108.5,108.5
95460,39.30524,-123.74862,131.0,130.9,130.9
95461,38.75277,-122.55720,58.5,67.3,58.5
95462,38.46214,-123.01838,82.8,60.9,60.9
95463,39.18679,-123.55838,118.6,118.2,118.2
95464,39.12836,-122.84930,82.1,96.7,82.1
95465,38.42193,-123.06391,85.6,60.6,60.6
95466,39.08182,-123.50487,113.6,110.7,110.7
95467,38.80826,-122.53995,58.5,70.9,58.5
95468,38.91889,-123.60568,116.1,105.6,105.6
95469,39.39092,-123.05284,100.7,117.5,100.7
95470,39.31403,-123.24992,107.0,116.9,107.0
95471,38.52408,-122.96877,79.8,62.5,62.5
95472,38.39881,-122.86192,75.0,52.1,52.1
95476,38.24943,-122.46663,57.4,32.5,32.5
95482,39.13502,-123.25934,102.4,106.3,102.4
95485,39.22548,-122.92291,88.8,104.3,88.8
95486,38.47414,-123.02420,83.0,61.8,61.8
95488,39.68371,-123.74161,142.5,152.1,142.5
95490,39.49284,-123.34097,117.4,130.2,117.4
95492,38.52808,-122.82135,71.8,58.3,58.3
95493,39.18473,-122.96957,89.6,102.6,89.6
95494,38.88965,-123.33782,101.6,94.7,94.7
95497,38.74304,-123.47642,107.5,92.1,92.1
95552,40.20254,-123.22861,145.3,173.5,145.3
95585,39.84468,-123.65693,145.0,159.5,145.0
95595,40.12318,-123.44628,149.1,172.2,149.1
95601,38.42670,-120.82572,37.7,89.6,37.7
95602,38.99003,-121.11441,34.9,103.1,34.9
95603,38.91587,-121.08028,32.1,100.3,32.1
95604,39.24330,-120.07141,89.1,155.0,89.1
95605,38.59352,-121.53987,2.6,67.5,2.6
95606,38.75618,-122.19544,39.7,65.9,39.7
95607,38.83037,-122.12695,38.2,71.3,38.2
95608,38.62415,-121.32491,9.6,76.5,9.6
95610,38.69491,-121.27177,14.3,82.0,14.3
95612,38.38471,-121.57872,14.3,55.0,14.3
95614,38.88624,-120.97970,34.8,102.4,34.8
95615,38.31862,-121.55475,18.5,52.7,18.5
95616,38.55413,-121.79847,16.5,57.8,16.5
95618,38.54321,-121.68150,10.5,60.3,10.5
95619,38.68060,-120.81426,37.3,99.6,37.3
95620,38.41262,-121.75622,18.4,50.5,18.4
95621,38.69570,-121.30830,12.8,80.8,12.8
95623,38.60360,-120.85703,34.5,94.6,34.5
95624,38.42751,-121.31490,14.4,67.5,14.4
95625,38.35812,-121.91155,27.3,43.0,27.3
95626,38.73315,-121.46817,10.6,77.6,10.6
95627,38.73451,-122.02535,30.5,65.6,30.5
95628,38.65207,-121.25441,13.8,80.5,13.8
95629,38.51647,-120.68852,43.8,99.1,43.8
95630,38.66660,-121.14163,19.9,85.5,19.9
95631,39.05346,-120.79563,49.8,117.6,49.8
95632,38.27445,-121.25920,24.7,63.9,24.7
95633,38.84022,-120.82976,40.0,106.0,40.0
95634,38.93690,-120.77228,46.0,112.8,46.0
95635,38.91075,-120.90862,38.9,106.3,38.9
95636,38.62128,-120.38322,60.1,117.0,60.1
95637,38.83414,-122.23694,43.7,71.2,43.7
95638,38.31345,-121.12389,27.3,71.6,27.3
95639,38.38903,-121.50043,13.3,58.2,13.3
95640,38.32525,-120.95579,34.1,80.1,34.1
95641,38.14037,-121.58978,30.9,43.8,30.9
95642,38.34303,-120.76092,43.0,90.2,43.0
95645,38.88489,-121.77865,26.0,79.3,26.0
95646,38.68926,-120.05497,78.0,134.9,78.0
95648,38.92281,-121.31200,25.5,93.1,25.5
95650,38.80918,-121.17137,23.5,91.5,23.5
95651,38.81782,-120.92927,34.6,101.0,34.6
95652,38.66298,-121.40111,7.5,75.8,7.5
95653,38.69763,-121.97757,27.3,63.7,27.3
95655,38.54923,-121.27860,11.9,74.5,11.9
95658,38.88118,-121.16901,27.1,95.4,27.1
95659,38.84223,-121.57216,18.5,81.1,18.5
95660,38.67854,-121.37997,9.1,77.4,9.1
95661,38.74107,-121.24769,17.3,85.3,17.3
95662,38.68917,-121.21843,16.6,83.7,16.6
95663,38.85581,-121.18231,25.3,93.6,25.3
95664,38.80129,-121.03794,28.9,96.0,28.9
95665,38.40065,-120.64846,47.4,97.4,47.4
95666,38.52386,-120.37663,60.5,114.3,60.5
95667,38.73492,-120.78995,39.5,102.9,39.5
95668,38.83355,-121.49810,17.4,82.5,17.4
95669,38.48262,-120.89947,32.9,88.0,32.9
95670,38.60427,-121.28033,11.7,77.1,11.7
95672,38.72237,-120.97863,29.5,94.6,29.5
95673,38.68924,-121.45901,7.7,75.4,7.7
95674,38.95416,-121.48187,25.8,90.2,25.8
95675,38.54470,-120.74050,40.8,97.6,40.8
95677,38.79107,-121.23485,20.1,88.3,20.1
95678,38.76407,-121.28752,16.8,85.1,16.8
95679,38.89631,-122.36536,51.7,75.6,51.7
95680,38.24042,-121.58754,24.1,47.9,24.1
95681,38.99556,-121.35354,29.6,96.1,29.6
95682,38.61213,-120.96452,28.7,90.3,28.7
95683,38.51199,-121.09626,22.0,80.4,22.0
95684,38.59231,-120.58466,49.1,106.5,49.1
95685,38.43448,-120.76166,40.9,92.9,40.9
95686,38.15779,-121.52022,29.3,47.6,29.3
95687,38.33313,-121.92015,28.7,41.2,28.7
95688,38.40857,-122.02277,31.0,43.9,31.0
95689,38.47883,-120.61199,48.2,101.5,48.2
95690,38.19958,-121.61827,27.2,44.8,27.2
95691,38.62795,-121.59329,6.2,67.8,6.2
95692,39.04693,-121.40309,32.5,97.9,32.5
95693,38.39928,-121.21012,19.9,70.8,19.9
95694,38.56887,-122.07978,31.6,53.8,31.6
95695,38.68704,-121.85708,20.9,65.0,20.9
95697,38.73237,-121.81026,20.0,68.8,20.0
95698,38.81636,-121.91077,27.7,72.6,27.7
95699,38.43677,-120.85762,35.9,88.4,35.9
95701,39.22655,-120.76702,59.3,127.5,59.3
95703,38.98588,-120.97867,39.4,107.5,39.4
95709,38.75013,-120.67541,45.7,108.4,45.7
95713,39.11183,-120.87797,49.4,117.7,49.4
95714,39.20050,-120.84073,55.4,123.6,55.4
95715,39.26996,-120.67761,64.7,132.9,64.7
95717,39.14453,-120.85258,52.0,120.3,52.0
95720,38.76661,-120.22393,69.7,129.4,69.7
95721,38.84374,-120.07267,78.8,139.1,78.8
95722,39.00980,-121.03471,38.6,106.9,38.6
95724,39.31170,-120.32812,80.5,147.9,80.5
95726,38.80035,-120.50387,55.5,118.0,55.5
95728,39.31933,-120.39938,77.8,145.5,77.8
95735,38.84028,-120.15023,74.6,135.4,74.6
95736,39.03881,-120.97753,42.1,110.4,42.1
95742,38.57778,-121.20179,15.8,78.9,15.8
95746,38.74753,-121.18009,20.5,88.0,20.5
95747,38.78207,-121.37315,15.3,83.3,15.3
95757,38.34489,-121.43123,16.7,59.0,16.7
95758,38.42781,-121.44470,11.0,62.2,11.0
95762,38.68509,-121.06377,24.3,89.4,24.3
95765,38.81555,-121.28017,19.9,88.1,19.9
95776,38.69861,-121.69926,13.7,69.1,13.7
95811,38.58323,-121.47810,0.9,68.9,0.9
95814,38.58057,-121.49559,0.1,68.2,0.1
95815,38.60541,-121.44759,3.0,71.2,3.0
95816,38.57158,-121.46646,1.7,68.7,1.7
95817,38.55055,-121.45637,3.0,67.9,3.0
95818,38.55449,-121.49706,1.9,66.7,1.9
95819,38.56983,-121.44007,3.0,69.5,3.0
95820,38.53488,-121.44437,4.2,67.6,4.2
95821,38.62569,-121.38492,6.7,74.4,6.7
95822,38.51279,-121.49362,4.8,64.7,4.8
95823,38.47410,-121.44345,7.9,64.5,7.9
95824,38.51758,-121.44074,5.3,66.8,5.3
95825,38.59190,-121.40847,4.7,71.8,4.7
95826,38.54375,-121.37769,6.8,70.5,6.8
95827,38.55613,-121.32426,9.4,73.1,9.4
95828,38.48881,-121.39584,8.3,67.1,8.3
95829,38.48954,-121.32345,11.2,69.9,11.2
95830,38.49051,-121.28417,13.0,71.6,13.0
95831,38.49397,-121.52919,6.3,62.4,6.3
95832,38.44705,-121.49611,9.3,61.2,9.3
95833,38.61905,-121.51755,2.9,69.6,2.9
95834,38.63565,-121.51842,4.0,70.5,4.0
95835,38.67065,-121.52598,6.4,72.2,6.4
95837,38.69376,-121.59894,9.6,71.5,9.6
95838,38.64572,-121.44525,5.2,73.4,5.2
95841,38.66037,-121.34739,9.6,77.5,9.6
95842,38.68681,-121.34915,10.7,78.9,10.7
95843,38.71546,-121.36342,11.6,79.9,11.6
95864,38.58405,-121.37585,6.4,72.6,6.4
95901,39.22394,-121.49405,44.4,106.7,44.4
95903,39.10610,-121.36818,36.9,102.4,36.9
95910,39.49113,-120.81723,72.6,140.5,72.6
95912,39.01670,-122.06214,42.9,84.5,42.9
95914,39.44900,-121.33052,60.6,124.5,60.6
95915,40.00626,-121.15889,100.1,163.5,100.1
95916,39.66554,-121.35196,75.3,137.8,75.3
95917,39.40969,-121.75665,58.9,114.3,58.9
95918,39.30123,-121.33793,50.4,115.1,50.4
95919,39.43288,-121.26114,60.1,125.0,60.1
95920,39.44979,-121.93637,64.5,115.1,64.5
95922,39.48834,-121.06691,66.7,133.3,66.7
95923,40.13373,-121.09269,109.4,172.9,109.4
95925,39.48411,-121.19265,64.4,129.8,64.4
95926,39.74563,-121.84383,82.6,136.1,82.6
95928,39.68571,-121.84408,78.6,132.0,78.6
95930,39.54860,-121.19210,68.8,133.8,68.8
95932,39.26647,-121.97860,54.0,102.3,54.0
95934,40.06007,-120.90792,106.9,172.2,106.9
95935,39.37935,-121.19231,57.5,123.4,57.5
95936,39.60538,-120.81101,79.7,147.2,79.7
95937,38.88524,-121.99904,34.4,76.1,34.4
95938,39.60471,-121.79529,72.5,127.0,72.5
95939,39.57198,-122.58083,89.9,123.3,89.9
95941,39.51631,-121.25093,65.9,130.5,65.9
95942,40.01945,-121.56664,99.4,157.7,99.4
95943,39.58481,-122.03230,75.1,123.7,75.1
95944,39.49527,-120.94381,69.7,137.0,69.7
95945,39.19639,-120.97229,50.9,119.1,50.9
95946,39.21559,-121.20324,46.5,113.3,46.5
95947,40.17457,-120.81977,115.8,181.4,115.8
95948,39.33926,-121.77079,54.4,109.4,54.4
95949,39.09923,-121.13885,40.6,108.4,40.6
95950,39.04345,-121.91810,39.2,87.7,39.2
95951,39.72251,-122.00443,83.4,133.3,83.4
95953,39.25902,-121.77683,49.2,104.0,49.2
95954,39.88465,-121.58679,90.2,148.4,90.2
95955,39.29452,-122.20171,62.2,103.0,62.2
95956,39.83829,-121.13424,88.9,153.3,88.9
95957,39.06092,-121.82716,37.7,90.1,37.7
95959,39.34781,-120.91873,61.3,129.3,61.3
95960,39.40322,-121.03449,61.9,129.1,61.9
95961,39.04030,-121.56048,31.9,93.7,31.9
95962,39.34476,-121.26452,54.2,119.5,54.2
95963,39.73631,-122.25934,89.7,133.5,89.7
95965,39.59394,-121.58136,70.1,129.1,70.1
95966,39.47536,-121.41411,61.9,124.4,61.9
95968,39.43521,-121.55192,59.1,119.2,59.1
95969,39.71685,-121.64618,78.9,136.4,78.9
95970,39.39842,-122.06095,64.1,110.7,64.1
95971,39.94006,-120.89133,99.3,165.2,99.3
95973,39.89162,-121.84198,92.4,146.1,92.4
95974,39.48022,-121.83845,64.8,118.1,64.8
95975,39.22435,-121.15162,48.1,115.3,48.1
95977,39.17659,-121.29169,42.5,108.6,42.5
95978,39.87560,-121.53632,89.4,148.5,89.4
95979,39.30203,-122.51116,73.9,104.3,73.9
95981,39.67940,-120.99862,80.4,146.6,80.4
95982,39.17273,-121.80582,44.1,97.8,44.1
95983,40.07791,-120.70731,111.6,178.1,111.6
95984,40.04095,-121.12265,102.8,166.4,102.8
95986,39.34254,-120.77087,65.4,133.6,65.4
95987,39.10513,-122.28300,55.8,89.9,55.8
95988,39.49165,-122.26208,75.2,116.6,75.2
95991,38.99419,-121.59459,29.0,90.0,29.0
95993,39.08250,-121.68011,36.0,93.9,36.0
96001,40.60178,-122.45497,148.7,193.5,148.7
96002,40.52783,-122.31875,141.5,188.2,141.5
96007,40.45803,-122.27783,136.2,183.4,136.2
96020,40.39796,-121.29853,125.9,186.6,125.9
96021,39.92345,-122.27081,101.6,146.4,101.6
96022,40.33639,-122.44851,131.5,175.2,131.5
96029,39.94026,-122.48920,107.9,148.0,107.9
96035,40.04564,-122.18486,107.7,154.9,107.7
96047,40.47108,-122.66096,144.6,185.4,144.6
96055,40.10324,-122.07474,109.6,159.2,109.6
96059,40.42164,-121.83305,128.4,182.4,128.4
96061,40.33807,-121.47907,121.4,180.1,121.4
96062,40.58012,-122.04140,141.1,192.2,141.1
96063,40.37047,-121.60631,123.7,180.8,123.7
96069,40.68534,-122.01607,148.0,199.5,148.0
96071,40.66385,-121.46106,143.9,202.3,143.9
96073,40.60307,-122.18666,144.5,193.4,144.5
96074,39.88465,-122.58651,107.3,144.7,107.3
96075,40.34324,-121.85220,123.2,176.9,123.2
96076,40.39154,-122.93788,146.8,182.3,146.8
96080,40.18189,-122.37710,120.2,164.4,120.2
96088,40.51087,-121.87611,134.8,188.2,134.8
96090,40.02172,-122.12782,105.1,153.4,105.1
96092,39.96332,-122.01724,99.5,149.8,99.5
96096,40.65409,-121.82285,144.3,198.4,144.3
96103,39.80559,-120.66598,95.5,163.1,95.5
96105,39.75358,-120.05500,111.8,180.0,111.8
96106,39.73664,-120.54374,94.7,162.7,94.7
96107,38.42528,-119.47574,109.7,157.9,109.7
96109,40.01971,-120.09918,124.2,192.5,124.2
96111,39.48348,-120.03766,100.0,167.3,100.0
96113,40.14293,-120.15901,129.3,197.4,129.3
96114,40.29675,-120.49984,129.8,196.7,129.8
96118,39.63960,-120.24714,99.1,167.3,99.1
96120,38.74338,-119.86762,88.5,145.6,88.5
96121,40.16439,-120.38004,124.5,192.1,124.5
96122,39.82523,-120.47705,101.7,169.8,101.7
96124,39.64187,-120.44527,92.4,160.6,92.4
96125,39.60271,-120.63615,84.2,152.3,84.2
96126,39.52972,-120.45417,86.1,154.3,86.1
96128,40.35877,-120.40815,135.8,202.8,135.8
96129,39.78927,-120.35728,103.3,171.5,103.3
96130,40.55176,-120.67567,142.9,208.2,142.9
96133,38.62096,-119.50518,107.4,160.4,107.4
96135,39.80865,-120.20567,109.3,177.6,109.3
96136,40.34575,-120.08115,143.3,211.2,143.3
96137,40.27073,-121.03946,119.2,182.8,119.2
96140,39.23203,-120.09641,87.6,153.5,87.6
96141,39.06727,-120.17780,78.4,143.0,78.4
96142,38.99717,-120.12963,78.9,142.3,78.9
96143,39.25445,-120.02218,91.8,157.5,91.8
96145,39.14829,-120.17092,81.3,146.7,81.3
96146,39.19805,-120.23779,79.9,146.1,79.9
96148,39.24905,-120.06043,89.8,155.7,89.8
96150,38.86982,-120.00859,82.5,143.0,82.5
96155,38.76299,-120.08707,76.9,135.7,76.9
96161,39.31309,-120.20778,85.6,152.6,85.6
