Campaign,Asset type,Sitelink text,Description 1,Description 2,Final URL,Callout text,Header,Snippet Values,Phone Number,Country
NCARB Search OBD 75,Sitelink,OBD Test,Mobile OBD testing for $75,We come to your truck,https://norcalcarbmobile.com/carb-obd-test,,,,,
NCARB Search OBD 75,Sitelink,OVI Smoke Test,Mobile OVI testing for $199,SAE J1667 at your yard,https://norcalcarbmobile.com/carb-ovi-test,,,,,
NCARB Search OBD 75,Sitelink,Motorhome Testing,Motorhome OBD $99,Motorhome OVI $229,https://norcalcarbmobile.com/motorhome-carb-test,,,,,
NCARB Search OBD 75,Sitelink,Current Pricing,See published test prices,No service disguised as a product,https://norcalcarbmobile.com/pricing,,,,,
NCARB Search OBD 75,Sitelink,Service Areas,See current field routes,NorCal mobile service,https://norcalcarbmobile.com/areas,,,,,
NCARB Search OBD 75,Sitelink,Book A Test,Request a callback,Call or send vehicle details,https://norcalcarbmobile.com/contact,,,,,
NCARB Search OBD 75,Callout,,,,,Mobile At Your Location,,,,
NCARB Search OBD 75,Callout,,,,,Upfront Published Pricing,,,,
NCARB Search OBD 75,Callout,,,,,Same-Week Scheduling,,,,
NCARB Search OBD 75,Callout,,,,,Saturday Appointments,,,,
NCARB Search OBD 75,Callout,,,,,CARB Submission Included,,,,
NCARB Search OBD 75,Callout,,,,,5.0-Star Google Rating,,,,
NCARB Search OBD 75,Structured snippet,,,,,,Service catalog,OBD Testing;OVI Smoke Testing;Motorhome OBD;Motorhome OVI,,
NCARB Search OBD 75,Call,,,,,,,,+19168904427,US
NCARB Search OVI 199,Sitelink,OBD Test,Mobile OBD testing for $75,We come to your truck,https://norcalcarbmobile.com/carb-obd-test,,,,,
NCARB Search OVI 199,Sitelink,OVI Smoke Test,Mobile OVI testing for $199,SAE J1667 at your yard,https://norcalcarbmobile.com/carb-ovi-test,,,,,
NCARB Search OVI 199,Sitelink,Motorhome Testing,Motorhome OBD $99,Motorhome OVI $229,https://norcalcarbmobile.com/motorhome-carb-test,,,,,
NCARB Search OVI 199,Sitelink,Current Pricing,See published test prices,No service disguised as a product,https://norcalcarbmobile.com/pricing,,,,,
NCARB Search OVI 199,Sitelink,Service Areas,See current field routes,NorCal mobile service,https://norcalcarbmobile.com/areas,,,,,
NCARB Search OVI 199,Sitelink,Book A Test,Request a callback,Call or send vehicle details,https://norcalcarbmobile.com/contact,,,,,
NCARB Search OVI 199,Callout,,,,,Mobile At Your Location,,,,
NCARB Search OVI 199,Callout,,,,,Upfront Published Pricing,,,,
NCARB Search OVI 199,Callout,,,,,Same-Week Scheduling,,,,
NCARB Search OVI 199,Callout,,,,,Saturday Appointments,,,,
NCARB Search OVI 199,Callout,,,,,CARB Submission Included,,,,
NCARB Search OVI 199,Callout,,,,,5.0-Star Google Rating,,,,
NCARB Search OVI 199,Structured snippet,,,,,,Service catalog,OBD Testing;OVI Smoke Testing;Motorhome OBD;Motorhome OVI,,
NCARB Search OVI 199,Call,,,,,,,,+19168904427,US
NCARB Search Motorhome 99-229,Sitelink,OBD Test,Mobile OBD testing for $75,We come to your truck,https://norcalcarbmobile.com/carb-obd-test,,,,,
NCARB Search Motorhome 99-229,Sitelink,OVI Smoke Test,Mobile OVI testing for $199,SAE J1667 at your yard,https://norcalcarbmobile.com/carb-ovi-test,,,,,
NCARB Search Motorhome 99-229,Sitelink,Motorhome Testing,Motorhome OBD $99,Motorhome OVI $229,https://norcalcarbmobile.com/motorhome-carb-test,,,,,
NCARB Search Motorhome 99-229,Sitelink,Current Pricing,See published test prices,No service disguised as a product,https://norcalcarbmobile.com/pricing,,,,,
NCARB Search Motorhome 99-229,Sitelink,Service Areas,See current field routes,NorCal mobile service,https://norcalcarbmobile.com/areas,,,,,
NCARB Search Motorhome 99-229,Sitelink,Book A Test,Request a callback,Call or send vehicle details,https://norcalcarbmobile.com/contact,,,,,
NCARB Search Motorhome 99-229,Callout,,,,,Mobile At Your Location,,,,
NCARB Search Motorhome 99-229,Callout,,,,,Upfront Published Pricing,,,,
NCARB Search Motorhome 99-229,Callout,,,,,Same-Week Scheduling,,,,
NCARB Search Motorhome 99-229,Callout,,,,,Saturday Appointments,,,,
NCARB Search Motorhome 99-229,Callout,,,,,CARB Submission Included,,,,
NCARB Search Motorhome 99-229,Callout,,,,,5.0-Star Google Rating,,,,
NCARB Search Motorhome 99-229,Structured snippet,,,,,,Service catalog,OBD Testing;OVI Smoke Testing;Motorhome OBD;Motorhome OVI,,
NCARB Search Motorhome 99-229,Call,,,,,,,,+19168904427,US
