Campaign,Keyword,Type
NCARB Search OBD 75,jobs,Campaign negative
NCARB Search OBD 75,job,Campaign negative
NCARB Search OBD 75,salary,Campaign negative
NCARB Search OBD 75,careers,Campaign negative
NCARB Search OBD 75,training course,Campaign negative
NCARB Search OBD 75,certification course,Campaign negative
NCARB Search OBD 75,equipment for sale,Campaign negative
NCARB Search OBD 75,tester for sale,Campaign negative
NCARB Search OBD 75,opacity meter for sale,Campaign negative
NCARB Search OBD 75,machine for sale,Campaign negative
NCARB Search OBD 75,used equipment,Campaign negative
NCARB Search OBD 75,rental equipment,Campaign negative
NCARB Search OBD 75,manual pdf,Campaign negative
NCARB Search OBD 75,diy,Campaign negative
NCARB Search OBD 75,how to test,Campaign negative
NCARB Search OBD 75,free test,Campaign negative
NCARB Search OBD 75,youtube,Campaign negative
NCARB Search OBD 75,software download,Campaign negative
NCARB Search OBD 75,sensor repair,Campaign negative
NCARB Search OBD 75,truck repair,Campaign negative
NCARB Search OBD 75,mechanic,Campaign negative
NCARB Search OBD 75,passenger car smog,Campaign negative
NCARB Search OBD 75,car smog check,Campaign negative
NCARB Search OBD 75,gasoline smog,Campaign negative
NCARB Search OBD 75,auto parts,Campaign negative
NCARB Search OBD 75,catalytic converter,Campaign negative
NCARB Search OBD 75,dmv appointment,Campaign negative
NCARB Search OBD 75,registration renewal online,Campaign negative
NCARB Search OBD 75,gift card,Campaign negative
NCARB Search OVI 199,jobs,Campaign negative
NCARB Search OVI 199,job,Campaign negative
NCARB Search OVI 199,salary,Campaign negative
NCARB Search OVI 199,careers,Campaign negative
NCARB Search OVI 199,training course,Campaign negative
NCARB Search OVI 199,certification course,Campaign negative
NCARB Search OVI 199,equipment for sale,Campaign negative
NCARB Search OVI 199,tester for sale,Campaign negative
NCARB Search OVI 199,opacity meter for sale,Campaign negative
NCARB Search OVI 199,machine for sale,Campaign negative
NCARB Search OVI 199,used equipment,Campaign negative
NCARB Search OVI 199,rental equipment,Campaign negative
NCARB Search OVI 199,manual pdf,Campaign negative
NCARB Search OVI 199,diy,Campaign negative
NCARB Search OVI 199,how to test,Campaign negative
NCARB Search OVI 199,free test,Campaign negative
NCARB Search OVI 199,youtube,Campaign negative
NCARB Search OVI 199,software download,Campaign negative
NCARB Search OVI 199,sensor repair,Campaign negative
NCARB Search OVI 199,truck repair,Campaign negative
NCARB Search OVI 199,mechanic,Campaign negative
NCARB Search OVI 199,passenger car smog,Campaign negative
NCARB Search OVI 199,car smog check,Campaign negative
NCARB Search OVI 199,gasoline smog,Campaign negative
NCARB Search OVI 199,auto parts,Campaign negative
NCARB Search OVI 199,catalytic converter,Campaign negative
NCARB Search OVI 199,dmv appointment,Campaign negative
NCARB Search OVI 199,registration renewal online,Campaign negative
NCARB Search OVI 199,gift card,Campaign negative
NCARB Search Motorhome 99-229,jobs,Campaign negative
NCARB Search Motorhome 99-229,job,Campaign negative
NCARB Search Motorhome 99-229,salary,Campaign negative
NCARB Search Motorhome 99-229,careers,Campaign negative
NCARB Search Motorhome 99-229,training course,Campaign negative
NCARB Search Motorhome 99-229,certification course,Campaign negative
NCARB Search Motorhome 99-229,equipment for sale,Campaign negative
NCARB Search Motorhome 99-229,tester for sale,Campaign negative
NCARB Search Motorhome 99-229,opacity meter for sale,Campaign negative
NCARB Search Motorhome 99-229,machine for sale,Campaign negative
NCARB Search Motorhome 99-229,used equipment,Campaign negative
NCARB Search Motorhome 99-229,rental equipment,Campaign negative
NCARB Search Motorhome 99-229,manual pdf,Campaign negative
NCARB Search Motorhome 99-229,diy,Campaign negative
NCARB Search Motorhome 99-229,how to test,Campaign negative
NCARB Search Motorhome 99-229,free test,Campaign negative
NCARB Search Motorhome 99-229,youtube,Campaign negative
NCARB Search Motorhome 99-229,software download,Campaign negative
NCARB Search Motorhome 99-229,sensor repair,Campaign negative
NCARB Search Motorhome 99-229,truck repair,Campaign negative
NCARB Search Motorhome 99-229,mechanic,Campaign negative
NCARB Search Motorhome 99-229,passenger car smog,Campaign negative
NCARB Search Motorhome 99-229,car smog check,Campaign negative
NCARB Search Motorhome 99-229,gasoline smog,Campaign negative
NCARB Search Motorhome 99-229,auto parts,Campaign negative
NCARB Search Motorhome 99-229,catalytic converter,Campaign negative
NCARB Search Motorhome 99-229,dmv appointment,Campaign negative
NCARB Search Motorhome 99-229,registration renewal online,Campaign negative
NCARB Search Motorhome 99-229,gift card,Campaign negative
