Campaign,Location
NCARB Search OBD 75,"Sacramento County, California, United States"
NCARB Search OBD 75,"Placer County, California, United States"
NCARB Search OBD 75,"Yolo County, California, United States"
NCARB Search OBD 75,"San Joaquin County, California, United States"
NCARB Search OBD 75,"Solano County, California, United States"
NCARB Search OBD 75,"Contra Costa County, California, United States"
NCARB Search OBD 75,"Alameda County, California, United States"
NCARB Search OBD 75,"Santa Clara County, California, United States"
NCARB Search OBD 75,"San Mateo County, California, United States"
NCARB Search OBD 75,"San Francisco County, California, United States"
NCARB Search OBD 75,"Stanislaus County, California, United States"
NCARB Search OVI 199,"Sacramento County, California, United States"
NCARB Search OVI 199,"Placer County, California, United States"
NCARB Search OVI 199,"Yolo County, California, United States"
NCARB Search OVI 199,"San Joaquin County, California, United States"
NCARB Search OVI 199,"Solano County, California, United States"
NCARB Search OVI 199,"Contra Costa County, California, United States"
NCARB Search OVI 199,"Alameda County, California, United States"
NCARB Search OVI 199,"Santa Clara County, California, United States"
NCARB Search OVI 199,"San Mateo County, California, United States"
NCARB Search OVI 199,"San Francisco County, California, United States"
NCARB Search OVI 199,"Stanislaus County, California, United States"
NCARB Search Motorhome 99-229,"Sacramento County, California, United States"
NCARB Search Motorhome 99-229,"Placer County, California, United States"
NCARB Search Motorhome 99-229,"Yolo County, California, United States"
NCARB Search Motorhome 99-229,"San Joaquin County, California, United States"
NCARB Search Motorhome 99-229,"Solano County, California, United States"
NCARB Search Motorhome 99-229,"Contra Costa County, California, United States"
NCARB Search Motorhome 99-229,"Alameda County, California, United States"
NCARB Search Motorhome 99-229,"Santa Clara County, California, United States"
NCARB Search Motorhome 99-229,"San Mateo County, California, United States"
NCARB Search Motorhome 99-229,"San Francisco County, California, United States"
NCARB Search Motorhome 99-229,"Stanislaus County, California, United States"
